{"train/loss":0.7041,"train/grad_norm":0.35475966334342957,"total_flos":2.1833881485312e+16,"train/global_step":125,"_step":12,"_timestamp":1.7715527239448202e+09,"train_samples_per_second":5.003,"train_loss":1.1625424480438233,"train_steps_per_second":0.625,"_runtime":197,"train/learning_rate":1.6000000000000003e-05,"train_runtime":199.8833,"train/epoch":1,"_wandb":{"runtime":197}}